地址,市场,方向,持仓量,均价,现价,现值($),成本($),盈亏($),盈亏%,到期日,Profile
0x294d6426745e9c48c978b91478b91365af32b362,Will the S&P 500 have the best performance in 2026?,No,10277.19,0.7559,0.89,9146.7,7768.69,1378.01,1773.8,2026-12-31,https://polymarket.com/profile/0x294d6426745e9c48c978b91478b91365af32b362
0x5f4fc359460dbe427ae7d4f81b4a34b3678cc2f1,Will SoFi Technologies (SOFI) be added to the S&P 500 by Mar,No,3504.74,0.6976,0.9805,3436.39,2444.79,991.6,4056,2026-03-31,https://polymarket.com/profile/0x5f4fc359460dbe427ae7d4f81b4a34b3678cc2f1
0x9b06708f82009f5ad2648d6cdc29c45d365b0b42,Will Bitcoin outperform Gold in March 2026?,Yes,3172.79,0.582,0.71,2252.68,1846.43,406.25,2200.2,2026-03-31,https://polymarket.com/profile/0x9b06708f82009f5ad2648d6cdc29c45d365b0b42
0x9b06708f82009f5ad2648d6cdc29c45d365b0b42,Will the percentage change in the S&P 500 in Q1 2026 be betw,No,1322.15,0.7039,0.8765,1158.86,930.6,228.27,2452.9,2026-03-31,https://polymarket.com/profile/0x9b06708f82009f5ad2648d6cdc29c45d365b0b42
0xf5b15da63c1bb7aed1024c36438fac51938cbb91,Will Bitcoin have the best performance in 2026?,No,1445.73,0.7511,0.74,1069.84,1085.93,-16.09,-148.2,2026-12-31,https://polymarket.com/profile/0xf5b15da63c1bb7aed1024c36438fac51938cbb91
0xeface9902242b0399856f981600b907dcc9bc9a1,Will Affirm Holdings (AFRM) be added to the S&P 500 by March,No,943.1,0.9392,0.979,923.3,885.78,37.51,423.5,2026-03-31,https://polymarket.com/profile/0xeface9902242b0399856f981600b907dcc9bc9a1
0xc1cf7d0ccb729703a5f4d97ed1045a42dbd99656,Will Bitcoin have the best performance in 2026?,No,1098.74,0.57,0.74,813.07,626.28,186.79,2982.5,2026-12-31,https://polymarket.com/profile/0xc1cf7d0ccb729703a5f4d97ed1045a42dbd99656
0x5f82d812ff98372347ac9504a6474f033451463b,"S&P 500 all time high by March 31, 2026?",Yes,9852.35,0.2201,0.075,738.93,2168.81,-1429.88,-6592.9,2026-03-31,https://polymarket.com/profile/0x5f82d812ff98372347ac9504a6474f033451463b
0xbd6c2a16c00ab38338b241783d454981a750a568,Will SoFi Technologies (SOFI) be added to the S&P 500 by Mar,No,526.14,0.4341,0.9805,515.88,228.37,287.51,12589.4,2026-03-31,https://polymarket.com/profile/0xbd6c2a16c00ab38338b241783d454981a750a568
0xe7a3cd81b59acfa06d21df09beb57b84b794e60a,"Will S&P 500 (SPX) close over $6,600 on the final trading da",No,859.19,0.4795,0.515,442.48,412,30.49,740,2026-03-31,https://polymarket.com/profile/0xe7a3cd81b59acfa06d21df09beb57b84b794e60a
0xe6534dd9d60cafcd8ac78091fbb883927b1d4594,"S&P 500 all time high by March 31, 2026?",Yes,5755.56,0.4052,0.075,431.67,2332.38,-1900.71,-8149.2,2026-03-31,https://polymarket.com/profile/0xe6534dd9d60cafcd8ac78091fbb883927b1d4594
0x75322cd79943489a4a747587afd4cbbecf57c6fc,"S&P 500 all time high by March 31, 2026?",No,419.5,0.5931,0.925,388.04,248.82,139.22,5595.1,2026-03-31,https://polymarket.com/profile/0x75322cd79943489a4a747587afd4cbbecf57c6fc
0x80a0da00fbdc8440b0ef601341f14c3e24795708,"Will S&P 500 (SPX) hit $6,000 (LOW) in March 2026?",Yes,2390.12,0.1769,0.16,382.42,422.91,-40.49,-957.4,2026-03-31,https://polymarket.com/profile/0x80a0da00fbdc8440b0ef601341f14c3e24795708
0x5a7ea088e41b0e1a53b5ab6df79a7ebbb1a4b0d8,S&P 500 (SPX) Opens Up or Down on March 16?,Up,999.98,0.49,0.38,379.99,489.99,-110,-2244.9,2026-03-16,https://polymarket.com/profile/0x5a7ea088e41b0e1a53b5ab6df79a7ebbb1a4b0d8
0xe7a3cd81b59acfa06d21df09beb57b84b794e60a,Will the S&P 500 Index lose at least 4% on any day in Q1?,Yes,1963.89,0.1767,0.19,373.14,347,26.14,753.4,2026-03-31,https://polymarket.com/profile/0xe7a3cd81b59acfa06d21df09beb57b84b794e60a
0x4e25605fd905e9972efc0f4d8814530c655cd7a7,"Will S&P 500 (SPX) close at <$6,000 in December?",No,501.37,0.5666,0.725,363.49,284.05,79.44,2796.5,2026-12-31,https://polymarket.com/profile/0x4e25605fd905e9972efc0f4d8814530c655cd7a7
0x3ec71ad79d5d93ae650324a5e43a807b270f7d60,"Will S&P 500 (SPX) hit $5,000 (LOW) in March 2026?",Yes,23155.19,0.0435,0.0155,358.91,1007.51,-648.6,-6437.7,2026-03-31,https://polymarket.com/profile/0x3ec71ad79d5d93ae650324a5e43a807b270f7d60
0x9b06708f82009f5ad2648d6cdc29c45d365b0b42,Will Bitcoin outperform Silver in March 2026?,Yes,458.28,0.6621,0.775,355.16,303.43,51.74,1705.1,2026-03-31,https://polymarket.com/profile/0x9b06708f82009f5ad2648d6cdc29c45d365b0b42
0x24787691ebc296444add2ee3dea03c9d6f9b2e62,"S&P 500 all time high by March 31, 2026?",Yes,4600.28,0.3591,0.075,345.02,1651.78,-1306.75,-7911.2,2026-03-31,https://polymarket.com/profile/0x24787691ebc296444add2ee3dea03c9d6f9b2e62
0xe7a3cd81b59acfa06d21df09beb57b84b794e60a,Will the S&P 500 Index lose at least 5% on any day in Q1?,Yes,5504.57,0.0604,0.0625,344.04,332.39,11.64,350.3,2026-03-31,https://polymarket.com/profile/0xe7a3cd81b59acfa06d21df09beb57b84b794e60a
0x92c10b2d500b8fec2cd4c6dddb244352de230586,Will Gold have the best performance in 2026?,Yes,544.93,0.48,0.605,329.68,261.56,68.12,2604.3,2026-12-31,https://polymarket.com/profile/0x92c10b2d500b8fec2cd4c6dddb244352de230586
0xe7a3cd81b59acfa06d21df09beb57b84b794e60a,"Will S&P 500 (SPX) close over $6,500 on the final trading da",No,956.68,0.3617,0.34,325.27,346,-20.73,-599.1,2026-03-31,https://polymarket.com/profile/0xe7a3cd81b59acfa06d21df09beb57b84b794e60a
0x5f4fc359460dbe427ae7d4f81b4a34b3678cc2f1,Will Alnylam Pharmaceuticals (ALNY) be added to the S&P 500 ,No,319.31,0.8201,0.9815,313.4,261.87,51.54,1968.1,2026-03-31,https://polymarket.com/profile/0x5f4fc359460dbe427ae7d4f81b4a34b3678cc2f1
0x9b06708f82009f5ad2648d6cdc29c45d365b0b42,Will Bitcoin outperform the S&P 500 in March 2026?,Yes,467.06,0.5615,0.665,310.59,262.28,48.32,1842.2,2026-03-31,https://polymarket.com/profile/0x9b06708f82009f5ad2648d6cdc29c45d365b0b42
0x30d9990941a022c6aa0e817917a183b4bb187c7b,"Will S&P 500 (SPX) hit $6,400 (LOW) in March 2026?",Yes,600,0.3997,0.51,306,239.85,66.15,2758.2,2026-03-31,https://polymarket.com/profile/0x30d9990941a022c6aa0e817917a183b4bb187c7b
0x9b06708f82009f5ad2648d6cdc29c45d365b0b42,Will Bitcoin outperform NVIDIA (NVDA) in March 2026?,Yes,462.34,0.5277,0.66,305.14,244,61.15,2506,2026-03-31,https://polymarket.com/profile/0x9b06708f82009f5ad2648d6cdc29c45d365b0b42
0x4a5da56a1c8df9a94c55f62493d9f93930d517ad,S&P 500 (SPX) Opens Up or Down on March 16?,Up,772.34,0.325,0.38,293.49,251,42.49,1693,2026-03-16,https://polymarket.com/profile/0x4a5da56a1c8df9a94c55f62493d9f93930d517ad
0x3129813a51d43026d3f7a4d0d6b0e189857f22ed,Will Affirm Holdings (AFRM) be added to the S&P 500 by March,No,297.78,0.883,0.979,291.53,262.95,28.58,1086.9,2026-03-31,https://polymarket.com/profile/0x3129813a51d43026d3f7a4d0d6b0e189857f22ed
0xd6321c049c527e8a622d6aa35f514ae74f798afb,Will the S&P 500 have the best performance in 2026?,Yes,2646.82,0.1771,0.11,291.15,468.85,-177.7,-3790.1,2026-12-31,https://polymarket.com/profile/0xd6321c049c527e8a622d6aa35f514ae74f798afb
0x99bce72fb855cc8eebe6c85683ede46da1784f35,Will SoFi Technologies (SOFI) be added to the S&P 500 by Mar,No,296.46,0.5031,0.9805,290.68,149.16,141.52,9488.3,2026-03-31,https://polymarket.com/profile/0x99bce72fb855cc8eebe6c85683ede46da1784f35
0x9b06708f82009f5ad2648d6cdc29c45d365b0b42,Will the percentage change in the S&P 500 in Q1 2026 be less,Yes,364.26,0.5985,0.78,284.13,218,66.13,3033.3,2026-03-31,https://polymarket.com/profile/0x9b06708f82009f5ad2648d6cdc29c45d365b0b42
0x91784d82fbe4543459ee85fc9809be185d70a2b2,Will the S&P 500 Index lose at least 5% on any day in Q1?,Yes,4502.42,0.0818,0.0625,281.4,368.15,-86.75,-2356.4,2026-03-31,https://polymarket.com/profile/0x91784d82fbe4543459ee85fc9809be185d70a2b2
0xe2b44168f9c361a06a64ed3fe0e858634e883c5a,Will SoFi Technologies (SOFI) be added to the S&P 500 by Mar,No,259.49,0.6937,0.9805,254.43,180.02,74.41,4133.6,2026-03-31,https://polymarket.com/profile/0xe2b44168f9c361a06a64ed3fe0e858634e883c5a
0x5b9115312cb4fc2b2b57c65045e611092f222709,Will Pure Storage (PSTG) be added to the S&P 500 by March 31,No,228.92,0.9921,0.989,226.4,227.12,-0.71,-31.5,2026-03-31,https://polymarket.com/profile/0x5b9115312cb4fc2b2b57c65045e611092f222709
0x7e01fb9dece74b0031696fe104fbcce421cc63be,Will the percentage change in the S&P 500 in Q1 2026 be less,No,981.06,0.4792,0.22,215.83,470.12,-254.28,-5409,2026-03-31,https://polymarket.com/profile/0x7e01fb9dece74b0031696fe104fbcce421cc63be
0xf37f6ec2ce2ab18b21920ce11f8ed6d7abf99c30,"Will S&P 500 (SPX) hit $5,000 (LOW) in March 2026?",Yes,13285.38,0.0224,0.0155,205.92,296.98,-91.06,-3066.1,2026-03-31,https://polymarket.com/profile/0xf37f6ec2ce2ab18b21920ce11f8ed6d7abf99c30
0x7e01fb9dece74b0031696fe104fbcce421cc63be,"Will S&P 500 (SPX) hit $6,200 (LOW) in March 2026?",No,270,0.89,0.725,195.75,240.3,-44.55,-1853.9,2026-03-31,https://polymarket.com/profile/0x7e01fb9dece74b0031696fe104fbcce421cc63be
0x58ff9e8ba16c03350ca6a09afb44f9afdbac7e02,"Will S&P 500 (SPX) hit $4,500 (LOW) in December?",Yes,953.3,0.2054,0.2,190.66,195.78,-5.12,-261.4,2026-12-31,https://polymarket.com/profile/0x58ff9e8ba16c03350ca6a09afb44f9afdbac7e02
0xcf006e28309313be21b36d22bde515882182353f,"Will S&P 500 (SPX) hit $6,000 (LOW) in March 2026?",Yes,1104.66,0.1326,0.16,176.75,146.45,30.3,2068.8,2026-03-31,https://polymarket.com/profile/0xcf006e28309313be21b36d22bde515882182353f
0xa1c7caa9c87f1a3dc4b357f4e114db457fe2bdbb,Will the percentage change in the S&P 500 in Q1 2026 be betw,Yes,1428.6,0.2485,0.1235,176.43,355,-178.56,-5030,2026-03-31,https://polymarket.com/profile/0xa1c7caa9c87f1a3dc4b357f4e114db457fe2bdbb
0x9b06708f82009f5ad2648d6cdc29c45d365b0b42,Will KOSPI Composite Index (^KS11) hit 4800 (LOW) in Q1 2026,Yes,790.74,0.3465,0.22,173.96,274,-100.04,-3651,2026-03-31,https://polymarket.com/profile/0x9b06708f82009f5ad2648d6cdc29c45d365b0b42
0xe7a3cd81b59acfa06d21df09beb57b84b794e60a,"Will S&P 500 (SPX) hit $6,200 (LOW) in March 2026?",Yes,605.41,0.3403,0.275,166.49,206,-39.51,-1918.1,2026-03-31,https://polymarket.com/profile/0xe7a3cd81b59acfa06d21df09beb57b84b794e60a
0xcf006e28309313be21b36d22bde515882182353f,"Will S&P 500 (SPX) hit $6,400 (LOW) in March 2026?",Yes,326.36,0.2899,0.51,166.44,94.62,71.82,7590.6,2026-03-31,https://polymarket.com/profile/0xcf006e28309313be21b36d22bde515882182353f
0x30a7df6c0b74e59f90bb0be1831f260c540602fa,Will the S&P 500 Index gain at least 4% on any day in Q1?,Yes,2503.36,0.0644,0.066,165.22,161.33,3.9,241.4,2026-03-31,https://polymarket.com/profile/0x30a7df6c0b74e59f90bb0be1831f260c540602fa
0xcf006e28309313be21b36d22bde515882182353f,"Will S&P 500 (SPX) hit $6,500 (LOW) in March 2026?",Yes,242.34,0.3706,0.655,158.73,89.81,68.92,7674.8,2026-03-31,https://polymarket.com/profile/0xcf006e28309313be21b36d22bde515882182353f
0xcf006e28309313be21b36d22bde515882182353f,"Will S&P 500 (SPX) hit $6,300 (LOW) in March 2026?",Yes,623.01,0.3198,0.245,152.64,199.23,-46.6,-2338.8,2026-03-31,https://polymarket.com/profile/0xcf006e28309313be21b36d22bde515882182353f
0xe6266639b0f2fe7019b5a04f02f60d8a13276771,"Will S&P 500 (SPX) hit $7,000 (HIGH) in March 2026?",No,168.65,0.593,0.86,145.04,100,45.04,4503.6,2026-03-31,https://polymarket.com/profile/0xe6266639b0f2fe7019b5a04f02f60d8a13276771
0x30a7df6c0b74e59f90bb0be1831f260c540602fa,Will the S&P 500 Index lose at least 4% on any day in Q1?,Yes,751.38,0.1749,0.19,142.76,131.39,11.38,865.9,2026-03-31,https://polymarket.com/profile/0x30a7df6c0b74e59f90bb0be1831f260c540602fa
0x4a5da56a1c8df9a94c55f62493d9f93930d517ad,"Will S&P 500 (SPX) hit $7,000 (HIGH) in March 2026?",No,164,0.7929,0.86,141.04,130.04,11,846.1,2026-03-31,https://polymarket.com/profile/0x4a5da56a1c8df9a94c55f62493d9f93930d517ad
0xe7a3cd81b59acfa06d21df09beb57b84b794e60a,"Will S&P 500 (SPX) hit $6,300 (LOW) in March 2026?",Yes,554.88,0.3176,0.245,135.94,176.24,-40.29,-2286.2,2026-03-31,https://polymarket.com/profile/0xe7a3cd81b59acfa06d21df09beb57b84b794e60a
0x7e01fb9dece74b0031696fe104fbcce421cc63be,"Will S&P 500 (SPX) close over $6,500 on the final trading da",Yes,200,0.7,0.66,132,140,-8,-571.4,2026-03-31,https://polymarket.com/profile/0x7e01fb9dece74b0031696fe104fbcce421cc63be
0xe7a3cd81b59acfa06d21df09beb57b84b794e60a,Will the S&P 500 Index lose at least 3% on any day in Q1?,Yes,393.12,0.2435,0.335,131.69,95.73,35.97,3757.3,2026-03-31,https://polymarket.com/profile/0xe7a3cd81b59acfa06d21df09beb57b84b794e60a
0xe7a3cd81b59acfa06d21df09beb57b84b794e60a,"Will S&P 500 (SPX) hit $6,000 (LOW) in March 2026?",Yes,821.82,0.1679,0.16,131.49,138,-6.51,-471.6,2026-03-31,https://polymarket.com/profile/0xe7a3cd81b59acfa06d21df09beb57b84b794e60a
0x30a7df6c0b74e59f90bb0be1831f260c540602fa,Will the S&P 500 Index gain at least 5% on any day in Q1?,Yes,2819.77,0.0503,0.046,129.71,141.96,-12.25,-862.9,2026-03-31,https://polymarket.com/profile/0x30a7df6c0b74e59f90bb0be1831f260c540602fa
0x22dc992ae2bd6d3a5608d0976ec12503f705a7e8,"Will S&P 500 (SPX) hit $5,000 (LOW) in March 2026?",Yes,7750,0.0328,0.0155,120.12,254.27,-134.14,-5275.7,2026-03-31,https://polymarket.com/profile/0x22dc992ae2bd6d3a5608d0976ec12503f705a7e8
0x236599e3745dbea9d285d7ac967846f476d8aaf4,S&P 500 (SPX) Opens Up or Down on March 16?,Up,299.98,0.4267,0.38,113.99,127.99,-14,-1093.8,2026-03-16,https://polymarket.com/profile/0x236599e3745dbea9d285d7ac967846f476d8aaf4
0x0d42cc5ff0526fbb8f0bb9eafa9ebba3f23df124,Will Bitcoin outperform Silver in March 2026?,No,499.26,0.3238,0.225,112.33,161.66,-49.33,-3051.3,2026-03-31,https://polymarket.com/profile/0x0d42cc5ff0526fbb8f0bb9eafa9ebba3f23df124
0x99bce72fb855cc8eebe6c85683ede46da1784f35,"Will S&P 500 (SPX) hit $6,300 (LOW) in March 2026?",No,142.95,0.6499,0.755,107.93,92.9,15.03,1617.7,2026-03-31,https://polymarket.com/profile/0x99bce72fb855cc8eebe6c85683ede46da1784f35
0x0d42cc5ff0526fbb8f0bb9eafa9ebba3f23df124,Will Bitcoin outperform Gold in March 2026?,No,359.31,0.4135,0.29,104.2,148.56,-44.36,-2986.2,2026-03-31,https://polymarket.com/profile/0x0d42cc5ff0526fbb8f0bb9eafa9ebba3f23df124
0x30a7df6c0b74e59f90bb0be1831f260c540602fa,Will the S&P 500 Index lose at least 5% on any day in Q1?,Yes,1610.97,0.1106,0.0625,100.69,178.09,-77.41,-4346.5,2026-03-31,https://polymarket.com/profile/0x30a7df6c0b74e59f90bb0be1831f260c540602fa
0x99bce72fb855cc8eebe6c85683ede46da1784f35,Will Bitcoin outperform Silver in March 2026?,No,424.01,0.3653,0.225,95.4,154.9,-59.49,-3840.9,2026-03-31,https://polymarket.com/profile/0x99bce72fb855cc8eebe6c85683ede46da1784f35
0xeab61f1c7168138db3e0bb87acadfb77ce8dd4c6,"S&P 500 all time high by March 31, 2026?",Yes,1248.1,0.2143,0.075,93.61,267.48,-173.87,-6500.4,2026-03-31,https://polymarket.com/profile/0xeab61f1c7168138db3e0bb87acadfb77ce8dd4c6
0x236599e3745dbea9d285d7ac967846f476d8aaf4,S&P 500 (SPX) Up or Down on March 16?,Up,200,0.425,0.465,93,85,8,941.2,2026-03-16,https://polymarket.com/profile/0x236599e3745dbea9d285d7ac967846f476d8aaf4
0x58ff9e8ba16c03350ca6a09afb44f9afdbac7e02,"Will Nasdaq 100 (NDX) hit $24,000 (LOW) in December?",Yes,112.5,0.7333,0.825,92.81,82.5,10.31,1250,2026-12-31,https://polymarket.com/profile/0x58ff9e8ba16c03350ca6a09afb44f9afdbac7e02
0x9b06708f82009f5ad2648d6cdc29c45d365b0b42,Will the KOSPI Composite Index (^KS11) close above 4750 on t,No,711.56,0.1546,0.1275,90.72,110,-19.28,-1752.4,2026-03-31,https://polymarket.com/profile/0x9b06708f82009f5ad2648d6cdc29c45d365b0b42
0xeacd0d487d273f06b188e2899435f2517f498143,Will KOSPI Composite Index (^KS11) hit 4500 (LOW) in Q1 2026,Yes,633.83,0.1694,0.143,90.64,107.39,-16.76,-1560.2,2026-03-31,https://polymarket.com/profile/0xeacd0d487d273f06b188e2899435f2517f498143
0xcf006e28309313be21b36d22bde515882182353f,"Will S&P 500 (SPX) hit $6,500 (LOW) in March 2026?",No,249.28,0.4633,0.345,86,115.5,-29.49,-2553.7,2026-03-31,https://polymarket.com/profile/0xcf006e28309313be21b36d22bde515882182353f
0x236599e3745dbea9d285d7ac967846f476d8aaf4,Nasdaq 100 (NDX) Up or Down on March 16?,Up,200,0.45,0.425,85,90,-5,-555.6,2026-03-16,https://polymarket.com/profile/0x236599e3745dbea9d285d7ac967846f476d8aaf4
0x58ff9e8ba16c03350ca6a09afb44f9afdbac7e02,"Will S&P 500 (SPX) hit $5,800 (LOW) in December?",Yes,111.5,0.7012,0.72,80.28,78.18,2.1,268,2026-12-31,https://polymarket.com/profile/0x58ff9e8ba16c03350ca6a09afb44f9afdbac7e02
0x58ff9e8ba16c03350ca6a09afb44f9afdbac7e02,"Will S&P 500 (SPX) hit $6,400 (LOW) in December?",Yes,91.3,0.766,0.875,79.89,69.94,9.95,1422.8,2026-12-31,https://polymarket.com/profile/0x58ff9e8ba16c03350ca6a09afb44f9afdbac7e02
0x58ff9e8ba16c03350ca6a09afb44f9afdbac7e02,"Will S&P 500 (SPX) hit $6,200 (LOW) in December?",Yes,120.57,0.753,0.615,74.15,90.79,-16.64,-1832.4,2026-12-31,https://polymarket.com/profile/0x58ff9e8ba16c03350ca6a09afb44f9afdbac7e02
0x9b06708f82009f5ad2648d6cdc29c45d365b0b42,Will the percentage change in the S&P 500 in Q1 2026 be betw,No,75.59,0.9393,0.9795,74.04,71,3.04,428.3,2026-03-31,https://polymarket.com/profile/0x9b06708f82009f5ad2648d6cdc29c45d365b0b42
0x85d57ae07c1c0cae93f1ed6d05166eff4233bbf0,"Will S&P 500 (SPX) hit $4,500 (LOW) in December?",Yes,355.91,0.2326,0.2,71.18,82.77,-11.59,-1400.4,2026-12-31,https://polymarket.com/profile/0x85d57ae07c1c0cae93f1ed6d05166eff4233bbf0
0xcf006e28309313be21b36d22bde515882182353f,"Will S&P 500 (SPX) hit $5,000 (LOW) in March 2026?",No,71.37,0.984,0.9845,70.27,70.23,0.04,5.1,2026-03-31,https://polymarket.com/profile/0xcf006e28309313be21b36d22bde515882182353f
0x9b06708f82009f5ad2648d6cdc29c45d365b0b42,Will KOSPI Composite Index (^KS11) hit 4500 (LOW) in Q1 2026,Yes,480,0.1,0.143,68.64,48,20.64,4300,2026-03-31,https://polymarket.com/profile/0x9b06708f82009f5ad2648d6cdc29c45d365b0b42
0x99bce72fb855cc8eebe6c85683ede46da1784f35,Will Bitcoin outperform Gold in March 2026?,No,231.35,0.33,0.29,67.09,76.35,-9.25,-1212.1,2026-03-31,https://polymarket.com/profile/0x99bce72fb855cc8eebe6c85683ede46da1784f35
0xd6321c049c527e8a622d6aa35f514ae74f798afb,Will Gold have the best performance in 2026?,Yes,110.73,0.58,0.605,66.99,64.22,2.77,431.2,2026-12-31,https://polymarket.com/profile/0xd6321c049c527e8a622d6aa35f514ae74f798afb
0xc1cf7d0ccb729703a5f4d97ed1045a42dbd99656,Will Gold have the best performance in 2026?,Yes,110,0.24,0.605,66.55,26.4,40.15,15208.3,2026-12-31,https://polymarket.com/profile/0xc1cf7d0ccb729703a5f4d97ed1045a42dbd99656
0x30a7df6c0b74e59f90bb0be1831f260c540602fa,"Will S&P 500 (SPX) hit $5,000 (LOW) in March 2026?",Yes,4273.78,0.014,0.0155,66.24,59.76,6.48,1084.9,2026-03-31,https://polymarket.com/profile/0x30a7df6c0b74e59f90bb0be1831f260c540602fa
0x9b06708f82009f5ad2648d6cdc29c45d365b0b42,Will Bitcoin outperform NVIDIA (NVDA) in March 2026?,No,184.44,0.45,0.34,62.71,83,-20.29,-2444.4,2026-03-31,https://polymarket.com/profile/0x9b06708f82009f5ad2648d6cdc29c45d365b0b42
0xeacd0d487d273f06b188e2899435f2517f498143,Will KOSPI Composite Index (^KS11) hit 4800 (LOW) in Q1 2026,Yes,284.09,0.3012,0.22,62.5,85.56,-23.06,-2695.3,2026-03-31,https://polymarket.com/profile/0xeacd0d487d273f06b188e2899435f2517f498143
0x58ff9e8ba16c03350ca6a09afb44f9afdbac7e02,"Will S&P 500 (SPX) hit $6,600 (LOW) in December?",Yes,65,0.8,0.89,57.85,52,5.85,1125,2026-12-31,https://polymarket.com/profile/0x58ff9e8ba16c03350ca6a09afb44f9afdbac7e02
0x85d57ae07c1c0cae93f1ed6d05166eff4233bbf0,Will the S&P 500 Index lose at least 5% on any day in Q1?,No,60.11,0.9499,0.9375,56.35,57.1,-0.75,-130.9,2026-03-31,https://polymarket.com/profile/0x85d57ae07c1c0cae93f1ed6d05166eff4233bbf0
0x85d57ae07c1c0cae93f1ed6d05166eff4233bbf0,Will the S&P 500 Index lose at least 3% on any day in Q1?,No,80.65,0.65,0.665,53.63,52.42,1.21,230.8,2026-03-31,https://polymarket.com/profile/0x85d57ae07c1c0cae93f1ed6d05166eff4233bbf0
0x99bce72fb855cc8eebe6c85683ede46da1784f35,S&P 500 (SPX) Up or Down on March 16?,Down,96.15,0.48,0.535,51.44,46.15,5.29,1145.8,2026-03-16,https://polymarket.com/profile/0x99bce72fb855cc8eebe6c85683ede46da1784f35
0x58ff9e8ba16c03350ca6a09afb44f9afdbac7e02,"Will S&P 500 (SPX) hit $5,200 (LOW) in December?",Yes,140.55,0.3991,0.36,50.6,56.09,-5.49,-979.6,2026-12-31,https://polymarket.com/profile/0x58ff9e8ba16c03350ca6a09afb44f9afdbac7e02
0x9b06708f82009f5ad2648d6cdc29c45d365b0b42,Will the KOSPI Composite Index (^KS11) close above 4500 on t,No,516.35,0.0639,0.0935,48.28,33,15.28,4629.9,2026-03-31,https://polymarket.com/profile/0x9b06708f82009f5ad2648d6cdc29c45d365b0b42
0x22eace1285cab0b23f7252ba02f3643c4c965f43,Will Affirm Holdings (AFRM) be added to the S&P 500 by March,No,47.9,0.844,0.979,46.89,40.43,6.46,1599,2026-03-31,https://polymarket.com/profile/0x22eace1285cab0b23f7252ba02f3643c4c965f43
0x99bce72fb855cc8eebe6c85683ede46da1784f35,"Will S&P 500 (SPX) hit $6,400 (LOW) in March 2026?",No,94.07,0.4185,0.49,46.1,39.37,6.72,1708.1,2026-03-31,https://polymarket.com/profile/0x99bce72fb855cc8eebe6c85683ede46da1784f35
0x598f515665fe2ecb09da78617aa74bf7f713c5ba,Will Bitcoin have the best performance in 2026?,Yes,166.67,0.24,0.26,43.33,40,3.33,833.4,2026-12-31,https://polymarket.com/profile/0x598f515665fe2ecb09da78617aa74bf7f713c5ba
0x82ca4553eabd82ece26967cefc524e2e2e1bfaaf,"Will S&P 500 (SPX) hit $6,600 (LOW) in March 2026?",No,316.83,0.2834,0.135,42.77,89.8,-47.02,-5236.7,2026-03-31,https://polymarket.com/profile/0x82ca4553eabd82ece26967cefc524e2e2e1bfaaf
0x7e01fb9dece74b0031696fe104fbcce421cc63be,"Will S&P 500 (SPX) hit $6,000 (LOW) in March 2026?",No,50,0.8938,0.84,42,44.69,-2.69,-601.9,2026-03-31,https://polymarket.com/profile/0x7e01fb9dece74b0031696fe104fbcce421cc63be
0x7e01fb9dece74b0031696fe104fbcce421cc63be,"Will S&P 500 (SPX) hit $6,300 (LOW) in March 2026?",No,50,0.78,0.755,37.75,39,-1.25,-320.5,2026-03-31,https://polymarket.com/profile/0x7e01fb9dece74b0031696fe104fbcce421cc63be
0xd035fd5f4d6bec4a73dc2fc11fe35c13c3acf165,Will the percentage change in the S&P 500 in Q1 2026 be betw,Yes,287.31,0.296,0.1235,35.48,85.05,-49.57,-5827.9,2026-03-31,https://polymarket.com/profile/0xd035fd5f4d6bec4a73dc2fc11fe35c13c3acf165
0xf37f6ec2ce2ab18b21920ce11f8ed6d7abf99c30,"Will S&P 500 (SPX) hit $6,000 (LOW) in March 2026?",Yes,209.4,0.191,0.16,33.5,40,-6.5,-1623.9,2026-03-31,https://polymarket.com/profile/0xf37f6ec2ce2ab18b21920ce11f8ed6d7abf99c30
0x2b5a131a902ed069112fe31c1719e72318f02e45,Will SoFi Technologies (SOFI) be added to the S&P 500 by Mar,No,32.33,0.6401,0.9805,31.7,20.7,11.01,5317.6,2026-03-31,https://polymarket.com/profile/0x2b5a131a902ed069112fe31c1719e72318f02e45
0x30d9990941a022c6aa0e817917a183b4bb187c7b,"Will S&P 500 (SPX) hit $6,300 (LOW) in March 2026?",Yes,129.3,0.3276,0.245,31.68,42.36,-10.68,-2521.6,2026-03-31,https://polymarket.com/profile/0x30d9990941a022c6aa0e817917a183b4bb187c7b
0x6b2664ced83a571a7e92e03155b5e3881e0ccf9a,Will the percentage change in the S&P 500 in Q1 2026 be less,Yes,40,0.575,0.78,31.2,23,8.2,3565.2,2026-03-31,https://polymarket.com/profile/0x6b2664ced83a571a7e92e03155b5e3881e0ccf9a
0x2b5a131a902ed069112fe31c1719e72318f02e45,Will Alnylam Pharmaceuticals (ALNY) be added to the S&P 500 ,Yes,1621.63,0.0197,0.0185,30,31.93,-1.93,-604.4,2026-03-31,https://polymarket.com/profile/0x2b5a131a902ed069112fe31c1719e72318f02e45
0xd035fd5f4d6bec4a73dc2fc11fe35c13c3acf165,Will the percentage change in the S&P 500 in Q1 2026 be at l,No,30,0.981,0.9865,29.59,29.43,0.17,56.1,2026-03-31,https://polymarket.com/profile/0xd035fd5f4d6bec4a73dc2fc11fe35c13c3acf165
0x1d7c3422cc4ce0106995917268d5309d5f9a51b6,Will the percentage change in the S&P 500 in Q1 2026 be betw,Yes,1442.98,0.035,0.0205,29.58,50.5,-20.92,-4142.9,2026-03-31,https://polymarket.com/profile/0x1d7c3422cc4ce0106995917268d5309d5f9a51b6
0x6b2664ced83a571a7e92e03155b5e3881e0ccf9a,Will the percentage change in the S&P 500 in Q1 2026 be less,No,119.31,0.4272,0.22,26.25,50.97,-24.72,-4850.3,2026-03-31,https://polymarket.com/profile/0x6b2664ced83a571a7e92e03155b5e3881e0ccf9a
0x99bce72fb855cc8eebe6c85683ede46da1784f35,Nasdaq 100 (NDX) Up or Down on March 16?,Down,43.4,0.18,0.575,24.95,7.81,17.14,21944.4,2026-03-16,https://polymarket.com/profile/0x99bce72fb855cc8eebe6c85683ede46da1784f35
0x2021e1243a61809de1d3425eb152d0eadff847e0,Will Alnylam Pharmaceuticals (ALNY) be added to the S&P 500 ,Yes,1300,0.2346,0.0185,24.05,305,-280.95,-9211.5,2026-03-31,https://polymarket.com/profile/0x2021e1243a61809de1d3425eb152d0eadff847e0
0x6b2664ced83a571a7e92e03155b5e3881e0ccf9a,Will the S&P 500 Index gain at least 3% on any day in Q1?,No,27.28,0.6742,0.83,22.64,18.39,4.25,2310.7,2026-03-31,https://polymarket.com/profile/0x6b2664ced83a571a7e92e03155b5e3881e0ccf9a
0xd035fd5f4d6bec4a73dc2fc11fe35c13c3acf165,Will the percentage change in the S&P 500 in Q1 2026 be less,No,102.75,0.3498,0.22,22.6,35.94,-13.33,-3710.2,2026-03-31,https://polymarket.com/profile/0xd035fd5f4d6bec4a73dc2fc11fe35c13c3acf165
0xc18b10a8d864d1d2ef71a58259eb810d52173917,"Will S&P 500 (SPX) hit $7,150 (HIGH) in June?",Yes,58.55,0.3273,0.38,22.25,19.16,3.09,1610.2,2026-06-30,https://polymarket.com/profile/0xc18b10a8d864d1d2ef71a58259eb810d52173917
0x99bce72fb855cc8eebe6c85683ede46da1784f35,S&P 500 (SPX) Opens Up or Down on March 16?,Up,57.66,0.3098,0.38,21.91,17.86,4.05,2264.8,2026-03-16,https://polymarket.com/profile/0x99bce72fb855cc8eebe6c85683ede46da1784f35
0xbb9536c00320757da5de689bf0ffcb9486421c62,Will KOSPI Composite Index (^KS11) hit 4800 (LOW) in Q1 2026,Yes,96,0.34,0.22,21.12,32.64,-11.52,-3529.4,2026-03-31,https://polymarket.com/profile/0xbb9536c00320757da5de689bf0ffcb9486421c62
0xa1c7caa9c87f1a3dc4b357f4e114db457fe2bdbb,Will the percentage change in the S&P 500 in Q1 2026 be betw,Yes,779.21,0.0616,0.027,21.04,48,-26.96,-5616.8,2026-03-31,https://polymarket.com/profile/0xa1c7caa9c87f1a3dc4b357f4e114db457fe2bdbb
0x4a5da56a1c8df9a94c55f62493d9f93930d517ad,"Will S&P 500 (SPX) hit $6,600 (LOW) in March 2026?",No,151.96,0.2501,0.135,20.51,38,-17.49,-4601.4,2026-03-31,https://polymarket.com/profile/0x4a5da56a1c8df9a94c55f62493d9f93930d517ad
0xeface9902242b0399856f981600b907dcc9bc9a1,Will Strategy (MicroStrategy) (MSTR) be added to the S&P 500,Yes,2227.22,0.0189,0.009,20.04,42.17,-22.12,-5246.4,2026-03-31,https://polymarket.com/profile/0xeface9902242b0399856f981600b907dcc9bc9a1
0x9b06708f82009f5ad2648d6cdc29c45d365b0b42,Will the percentage change in the S&P 500 in Q1 2026 be betw,Yes,156.89,0.1211,0.1235,19.38,19,0.38,198.2,2026-03-31,https://polymarket.com/profile/0x9b06708f82009f5ad2648d6cdc29c45d365b0b42
0x7e01fb9dece74b0031696fe104fbcce421cc63be,"Will S&P 500 (SPX) close at <$6,400 in March?",No,23,0.91,0.78,17.94,20.93,-2.99,-1428.6,2026-03-31,https://polymarket.com/profile/0x7e01fb9dece74b0031696fe104fbcce421cc63be
0xc18b10a8d864d1d2ef71a58259eb810d52173917,"Will S&P 500 (SPX) hit $6,600 (LOW) in December?",Yes,20,0.91,0.89,17.8,18.2,-0.4,-219.8,2026-12-31,https://polymarket.com/profile/0xc18b10a8d864d1d2ef71a58259eb810d52173917
0xe6266639b0f2fe7019b5a04f02f60d8a13276771,"Will S&P 500 (SPX) hit $6,900 (HIGH) in March 2026?",No,21.74,0.4,0.805,17.5,8.7,8.8,10125,2026-03-31,https://polymarket.com/profile/0xe6266639b0f2fe7019b5a04f02f60d8a13276771
0xd035fd5f4d6bec4a73dc2fc11fe35c13c3acf165,Will the percentage change in the S&P 500 in Q1 2026 be at l,Yes,1249.3,0.0186,0.013,16.24,23.21,-6.97,-3002.5,2026-03-31,https://polymarket.com/profile/0xd035fd5f4d6bec4a73dc2fc11fe35c13c3acf165
0x1d7c3422cc4ce0106995917268d5309d5f9a51b6,Will Bitcoin have the best performance in 2026?,No,18.24,0.75,0.74,13.5,13.68,-0.18,-133.3,2026-12-31,https://polymarket.com/profile/0x1d7c3422cc4ce0106995917268d5309d5f9a51b6
0x6b2664ced83a571a7e92e03155b5e3881e0ccf9a,"Will S&P 500 (SPX) close over $6,500 on the final trading da",Yes,20,0.71,0.66,13.2,14.2,-1,-704.2,2026-03-31,https://polymarket.com/profile/0x6b2664ced83a571a7e92e03155b5e3881e0ccf9a
0xcf006e28309313be21b36d22bde515882182353f,"Will S&P 500 (SPX) hit $6,900 (HIGH) in March 2026?",Yes,61.99,0.2631,0.195,12.09,16.31,-4.22,-2587.3,2026-03-31,https://polymarket.com/profile/0xcf006e28309313be21b36d22bde515882182353f
0x9b06708f82009f5ad2648d6cdc29c45d365b0b42,Will the KOSPI Composite Index (^KS11) close above 5250 on t,No,33.58,0.3275,0.35,11.75,11,0.75,685.5,2026-03-31,https://polymarket.com/profile/0x9b06708f82009f5ad2648d6cdc29c45d365b0b42
0x85d57ae07c1c0cae93f1ed6d05166eff4233bbf0,Will the S&P 500 Index lose at least 4% on any day in Q1?,Yes,60.22,0.18,0.19,11.44,10.84,0.6,555.6,2026-03-31,https://polymarket.com/profile/0x85d57ae07c1c0cae93f1ed6d05166eff4233bbf0
0x99ab7d78197d01bee8e2392e02d1dcf59b12edc1,Will Bitcoin outperform Silver in February 2026?,No,11,0.73,1,11,8.03,2.97,3698.6,2026-01-31,https://polymarket.com/profile/0x99ab7d78197d01bee8e2392e02d1dcf59b12edc1
0xe7a3cd81b59acfa06d21df09beb57b84b794e60a,"Will S&P 500 (SPX) hit $6,400 (LOW) in March 2026?",Yes,20.58,0.5346,0.51,10.49,11,-0.51,-460.3,2026-03-31,https://polymarket.com/profile/0xe7a3cd81b59acfa06d21df09beb57b84b794e60a
0xe7a3cd81b59acfa06d21df09beb57b84b794e60a,Will the S&P 500 Index gain at least 5% on any day in Q1?,Yes,223.26,0.0491,0.046,10.27,10.95,-0.68,-624.5,2026-03-31,https://polymarket.com/profile/0xe7a3cd81b59acfa06d21df09beb57b84b794e60a
0x74919413601bfb577685d47bec38dbb1174fada0,Will Bitcoin outperform Gold in March 2026?,No,35,0.77,0.29,10.15,26.95,-16.8,-6233.8,2026-03-31,https://polymarket.com/profile/0x74919413601bfb577685d47bec38dbb1174fada0
0xeacd0d487d273f06b188e2899435f2517f498143,Will KOSPI Composite Index (^KS11) hit 4700 (LOW) in Q1 2026,Yes,33.33,0.25,0.3,10,8.33,1.67,2000,2026-03-31,https://polymarket.com/profile/0xeacd0d487d273f06b188e2899435f2517f498143
0x3b1a8b39f8d3a4ce3fe7c1e752cf14c386834221,Will the S&P 500 Index lose at least 5% on any day in Q1?,Yes,150,0.1,0.0625,9.37,15,-5.62,-3750.1,2026-03-31,https://polymarket.com/profile/0x3b1a8b39f8d3a4ce3fe7c1e752cf14c386834221
0x6b2664ced83a571a7e92e03155b5e3881e0ccf9a,Will the S&P 500 Index lose at least 4% on any day in Q1?,Yes,43,0.2138,0.19,8.17,9.19,-1.02,-1114.4,2026-03-31,https://polymarket.com/profile/0x6b2664ced83a571a7e92e03155b5e3881e0ccf9a
0x99bce72fb855cc8eebe6c85683ede46da1784f35,"Will S&P 500 (SPX) hit $6,600 (LOW) in March 2026?",No,53.92,0.14,0.135,7.28,7.55,-0.27,-358.1,2026-03-31,https://polymarket.com/profile/0x99bce72fb855cc8eebe6c85683ede46da1784f35
0xc18b10a8d864d1d2ef71a58259eb810d52173917,"Will Nasdaq 100 (NDX) close over $24,000 on the final tradin",Yes,15,0.35,0.485,7.28,5.25,2.02,3857.1,2026-12-31,https://polymarket.com/profile/0xc18b10a8d864d1d2ef71a58259eb810d52173917
0x9b06708f82009f5ad2648d6cdc29c45d365b0b42,Will the percentage change in the S&P 500 in Q1 2026 be betw,Yes,309.01,0.0331,0.0235,7.26,10.24,-2.98,-2908.2,2026-03-31,https://polymarket.com/profile/0x9b06708f82009f5ad2648d6cdc29c45d365b0b42
0xc18b10a8d864d1d2ef71a58259eb810d52173917,"Will S&P 500 (SPX) hit $7,700 (HIGH) in June?",Yes,50,0.108,0.14,7,5.4,1.6,2963.3,2026-06-30,https://polymarket.com/profile/0xc18b10a8d864d1d2ef71a58259eb810d52173917
0x6b2664ced83a571a7e92e03155b5e3881e0ccf9a,"Will S&P 500 (SPX) close over $6,500 on the final trading da",No,20,0.25,0.34,6.8,5,1.8,3600,2026-03-31,https://polymarket.com/profile/0x6b2664ced83a571a7e92e03155b5e3881e0ccf9a
0x22eace1285cab0b23f7252ba02f3643c4c965f43,Will Strategy (MicroStrategy) (MSTR) be added to the S&P 500,Yes,729.51,0.0186,0.009,6.57,13.54,-6.97,-5149.6,2026-03-31,https://polymarket.com/profile/0x22eace1285cab0b23f7252ba02f3643c4c965f43
0x9b06708f82009f5ad2648d6cdc29c45d365b0b42,Will KOSPI Composite Index (^KS11) hit 7000 (HIGH) in Q1 202,Yes,133.33,0.15,0.047,6.27,20,-13.73,-6866.6,2026-03-31,https://polymarket.com/profile/0x9b06708f82009f5ad2648d6cdc29c45d365b0b42
0xfdd1839bf9034f797dd7fe207197188717fe1829,"Will S&P 500 (SPX) close at $6,500-$7,000 in December?",Yes,33.3,0.06,0.185,6.16,2,4.16,20833.3,2026-12-31,https://polymarket.com/profile/0xfdd1839bf9034f797dd7fe207197188717fe1829
0xc18b10a8d864d1d2ef71a58259eb810d52173917,"Will S&P 500 (SPX) hit $7,800 (HIGH) in December?",Yes,19.34,0.3237,0.315,6.09,6.26,-0.17,-270.3,2026-12-31,https://polymarket.com/profile/0xc18b10a8d864d1d2ef71a58259eb810d52173917
0xcf006e28309313be21b36d22bde515882182353f,"Will S&P 500 (SPX) hit $5,000 (LOW) in March 2026?",Yes,384.25,0.0158,0.0155,5.96,6.05,-0.1,-161.2,2026-03-31,https://polymarket.com/profile/0xcf006e28309313be21b36d22bde515882182353f
0xfdd1839bf9034f797dd7fe207197188717fe1829,Will S&P 500 (SPX) hit 5350 (LOW) in March?,Yes,15.62,0.0451,0.371,5.8,0.7,5.09,72227,2026-04-01,https://polymarket.com/profile/0xfdd1839bf9034f797dd7fe207197188717fe1829
0xeab61f1c7168138db3e0bb87acadfb77ce8dd4c6,"S&P 500 all time high by March 31, 2026?",No,6.12,0.7198,0.925,5.66,4.41,1.26,2850.6,2026-03-31,https://polymarket.com/profile/0xeab61f1c7168138db3e0bb87acadfb77ce8dd4c6
0x9b06708f82009f5ad2648d6cdc29c45d365b0b42,Will the percentage change in the S&P 500 in Q1 2026 be betw,Yes,173.34,0.049,0.032,5.55,8.5,-2.95,-3473.9,2026-03-31,https://polymarket.com/profile/0x9b06708f82009f5ad2648d6cdc29c45d365b0b42
0xaaf7948cec26d8b164934b9da65f8ff15a5c2e27,"Will S&P 500 (SPX) hit $7,200 (HIGH) in March 2026?",Yes,168.49,0.0134,0.0325,5.48,2.26,3.21,14185.1,2026-03-31,https://polymarket.com/profile/0xaaf7948cec26d8b164934b9da65f8ff15a5c2e27
0x99bce72fb855cc8eebe6c85683ede46da1784f35,Will S&P 500 (SPX) hit 5500 (LOW) in March?,Yes,14.33,0.0701,0.374,5.36,1,4.36,43366.1,2026-04-01,https://polymarket.com/profile/0x99bce72fb855cc8eebe6c85683ede46da1784f35
0xc18b10a8d864d1d2ef71a58259eb810d52173917,"Will Nasdaq 100 (NDX) close over $27,000 on the final tradin",Yes,15,0.2767,0.345,5.17,4.15,1.03,2469.9,2026-12-31,https://polymarket.com/profile/0xc18b10a8d864d1d2ef71a58259eb810d52173917
0xc18b10a8d864d1d2ef71a58259eb810d52173917,"Will Nasdaq 100 (NDX) close over $30,000 on the final tradin",Yes,28.77,0.0606,0.175,5.03,1.74,3.29,18883.6,2026-12-31,https://polymarket.com/profile/0xc18b10a8d864d1d2ef71a58259eb810d52173917
0xa1c7caa9c87f1a3dc4b357f4e114db457fe2bdbb,Will the percentage change in the S&P 500 in Q1 2026 be betw,Yes,154.32,0.0259,0.032,4.94,4,0.94,2345.7,2026-03-31,https://polymarket.com/profile/0xa1c7caa9c87f1a3dc4b357f4e114db457fe2bdbb
0xcf006e28309313be21b36d22bde515882182353f,"Will S&P 500 (SPX) hit $7,000 (HIGH) in March 2026?",Yes,35.26,0.3887,0.14,4.94,13.71,-8.77,-6398.5,2026-03-31,https://polymarket.com/profile/0xcf006e28309313be21b36d22bde515882182353f
0x85d57ae07c1c0cae93f1ed6d05166eff4233bbf0,Will the S&P 500 Index lose at least 5% on any day in Q1?,Yes,77.68,0.052,0.0625,4.85,4.04,0.81,2011.1,2026-03-31,https://polymarket.com/profile/0x85d57ae07c1c0cae93f1ed6d05166eff4233bbf0
0x85d57ae07c1c0cae93f1ed6d05166eff4233bbf0,Will the S&P 500 Index gain at least 5% on any day in Q1?,Yes,105,0.041,0.046,4.83,4.3,0.53,1219.5,2026-03-31,https://polymarket.com/profile/0x85d57ae07c1c0cae93f1ed6d05166eff4233bbf0
0x9b06708f82009f5ad2648d6cdc29c45d365b0b42,Will the percentage change in the S&P 500 in Q1 2026 be betw,Yes,232.93,0.0429,0.0205,4.78,10,-5.22,-5224.9,2026-03-31,https://polymarket.com/profile/0x9b06708f82009f5ad2648d6cdc29c45d365b0b42
0xfdd1839bf9034f797dd7fe207197188717fe1829,"Will S&P 500 (SPX) hit $7,150 (HIGH) in June?",No,7.7,0.7194,0.62,4.77,5.54,-0.77,-1382.3,2026-06-30,https://polymarket.com/profile/0xfdd1839bf9034f797dd7fe207197188717fe1829
0x6b2664ced83a571a7e92e03155b5e3881e0ccf9a,"S&P 500 all time high by March 31, 2026?",No,5,0.71,0.925,4.62,3.55,1.07,3028.2,2026-03-31,https://polymarket.com/profile/0x6b2664ced83a571a7e92e03155b5e3881e0ccf9a
0xbb9536c00320757da5de689bf0ffcb9486421c62,Will KOSPI Composite Index (^KS11) hit 6500 (HIGH) in Q1 202,Yes,57.29,0.0665,0.079,4.53,3.81,0.71,1874.3,2026-03-31,https://polymarket.com/profile/0xbb9536c00320757da5de689bf0ffcb9486421c62
0x99bce72fb855cc8eebe6c85683ede46da1784f35,"Will S&P 500 (SPX) close over $6,900 on the final trading da",Yes,22.82,0.25,0.195,4.45,5.71,-1.26,-2200,2026-03-31,https://polymarket.com/profile/0x99bce72fb855cc8eebe6c85683ede46da1784f35
0xc18b10a8d864d1d2ef71a58259eb810d52173917,"Will Nasdaq 100 (NDX) hit $23,000 (LOW) in December?",Yes,7,0.25,0.625,4.38,1.75,2.62,15000,2026-12-31,https://polymarket.com/profile/0xc18b10a8d864d1d2ef71a58259eb810d52173917
0x6b2664ced83a571a7e92e03155b5e3881e0ccf9a,"S&P 500 all time high by March 31, 2026?",Yes,56.81,0.2913,0.075,4.26,16.55,-12.29,-7425.3,2026-03-31,https://polymarket.com/profile/0x6b2664ced83a571a7e92e03155b5e3881e0ccf9a
0x6b2664ced83a571a7e92e03155b5e3881e0ccf9a,Will the S&P 500 Index gain at least 3% on any day in Q1?,Yes,24.84,0.3431,0.17,4.22,8.52,-4.3,-5045.3,2026-03-31,https://polymarket.com/profile/0x6b2664ced83a571a7e92e03155b5e3881e0ccf9a
0xc18b10a8d864d1d2ef71a58259eb810d52173917,"Will S&P 500 (SPX) hit $4,500 (LOW) in December?",Yes,20,0.13,0.2,4,2.6,1.4,5385.4,2026-12-31,https://polymarket.com/profile/0xc18b10a8d864d1d2ef71a58259eb810d52173917
0xe2b44168f9c361a06a64ed3fe0e858634e883c5a,Will Affirm Holdings (AFRM) be added to the S&P 500 by March,Yes,190,0.1162,0.021,3.99,22.07,-18.08,-8192.2,2026-03-31,https://polymarket.com/profile/0xe2b44168f9c361a06a64ed3fe0e858634e883c5a
0xc18b10a8d864d1d2ef71a58259eb810d52173917,"Will Nasdaq 100 (NDX) hit $32,000 (HIGH) in December?",Yes,29.71,0.1011,0.13,3.86,3,0.86,2857.3,2026-12-31,https://polymarket.com/profile/0xc18b10a8d864d1d2ef71a58259eb810d52173917
0xc18b10a8d864d1d2ef71a58259eb810d52173917,"Will S&P 500 (SPX) hit $7,400 (HIGH) in December?",Yes,6.57,0.6728,0.585,3.84,4.42,-0.58,-1305.3,2026-12-31,https://polymarket.com/profile/0xc18b10a8d864d1d2ef71a58259eb810d52173917
0xc18b10a8d864d1d2ef71a58259eb810d52173917,"Will S&P 500 (SPX) hit $7,050 (HIGH) in June?",Yes,10,0.2662,0.37,3.7,2.66,1.04,3901.8,2026-06-30,https://polymarket.com/profile/0xc18b10a8d864d1d2ef71a58259eb810d52173917
0x99bce72fb855cc8eebe6c85683ede46da1784f35,Hang Seng (HSI) Up or Down on March 16?,Up,11.68,0.3951,0.315,3.68,4.62,-0.94,-2027.4,2026-03-16,https://polymarket.com/profile/0x99bce72fb855cc8eebe6c85683ede46da1784f35
0x9b06708f82009f5ad2648d6cdc29c45d365b0b42,Will the percentage change in the S&P 500 in Q1 2026 be betw,Yes,131.59,0.0532,0.027,3.55,7,-3.45,-4924.4,2026-03-31,https://polymarket.com/profile/0x9b06708f82009f5ad2648d6cdc29c45d365b0b42
0xfdd1839bf9034f797dd7fe207197188717fe1829,"Will S&P 500 (SPX) hit $6,600 (LOW) in June?",Yes,3.94,0.8645,0.88,3.47,3.41,0.06,179,2026-06-30,https://polymarket.com/profile/0xfdd1839bf9034f797dd7fe207197188717fe1829
0xfdd1839bf9034f797dd7fe207197188717fe1829,"Will S&P 500 (SPX) hit $8,000 (HIGH) in June?",Yes,55.44,0.0578,0.062,3.44,3.21,0.23,717.4,2026-06-30,https://polymarket.com/profile/0xfdd1839bf9034f797dd7fe207197188717fe1829
0x22eace1285cab0b23f7252ba02f3643c4c965f43,Will Alnylam Pharmaceuticals (ALNY) be added to the S&P 500 ,Yes,180.66,0.2406,0.0185,3.34,43.47,-40.13,-9231.2,2026-03-31,https://polymarket.com/profile/0x22eace1285cab0b23f7252ba02f3643c4c965f43
0xc18b10a8d864d1d2ef71a58259eb810d52173917,"Will Nasdaq 100 (NDX) hit $30,000 (HIGH) in December?",No,5,0.61,0.66,3.3,3.05,0.25,819.7,2026-12-31,https://polymarket.com/profile/0xc18b10a8d864d1d2ef71a58259eb810d52173917
0xfdd1839bf9034f797dd7fe207197188717fe1829,"Will S&P 500 (SPX) hit $7,700 (HIGH) in June?",Yes,23.4,0.1374,0.14,3.28,3.21,0.06,192.1,2026-06-30,https://polymarket.com/profile/0xfdd1839bf9034f797dd7fe207197188717fe1829
0x9b06708f82009f5ad2648d6cdc29c45d365b0b42,Will the percentage change in the S&P 500 in Q1 2026 be betw,Yes,315.39,0.0127,0.01,3.15,4,-0.85,-2114.8,2026-03-31,https://polymarket.com/profile/0x9b06708f82009f5ad2648d6cdc29c45d365b0b42
0xcf006e28309313be21b36d22bde515882182353f,"Will S&P 500 (SPX) hit $6,600 (LOW) in March 2026?",No,23.28,0.2779,0.135,3.14,6.47,-3.33,-5141.6,2026-03-31,https://polymarket.com/profile/0xcf006e28309313be21b36d22bde515882182353f
0xaaf7948cec26d8b164934b9da65f8ff15a5c2e27,Will the percentage change in the S&P 500 in Q1 2026 be betw,Yes,249,0.008,0.0125,3.11,1.99,1.12,5627,2026-03-31,https://polymarket.com/profile/0xaaf7948cec26d8b164934b9da65f8ff15a5c2e27
0xeacd0d487d273f06b188e2899435f2517f498143,"S&P 500 all time high by March 31, 2026?",Yes,41.14,0.2302,0.075,3.09,9.47,-6.38,-6741.5,2026-03-31,https://polymarket.com/profile/0xeacd0d487d273f06b188e2899435f2517f498143
0xfdd1839bf9034f797dd7fe207197188717fe1829,"Will S&P 500 (SPX) hit $5,200 (LOW) in December?",No,4.74,0.6097,0.64,3.03,2.89,0.14,497.4,2026-12-31,https://polymarket.com/profile/0xfdd1839bf9034f797dd7fe207197188717fe1829
0xcf006e28309313be21b36d22bde515882182353f,"Will S&P 500 (SPX) hit $7,000 (HIGH) in March 2026?",No,3.46,0.5977,0.86,2.98,2.07,0.91,4388.1,2026-03-31,https://polymarket.com/profile/0xcf006e28309313be21b36d22bde515882182353f
0xc18b10a8d864d1d2ef71a58259eb810d52173917,"Will Nasdaq 100 (NDX) close over $19,000 on the final tradin",Yes,4.99,0.71,0.595,2.97,3.54,-0.57,-1619.7,2026-12-31,https://polymarket.com/profile/0xc18b10a8d864d1d2ef71a58259eb810d52173917
0x99bce72fb855cc8eebe6c85683ede46da1784f35,S&P 500 (SPX) Up or Down on March 16?,Up,6.23,0.3901,0.465,2.9,2.43,0.47,1921.1,2026-03-16,https://polymarket.com/profile/0x99bce72fb855cc8eebe6c85683ede46da1784f35
0xfdd1839bf9034f797dd7fe207197188717fe1829,"Will Nasdaq 100 (NDX) close over $30,000 on the final tradin",Yes,15.99,0.0327,0.175,2.8,0.52,2.27,43477.6,2026-12-31,https://polymarket.com/profile/0xfdd1839bf9034f797dd7fe207197188717fe1829
0xc18b10a8d864d1d2ef71a58259eb810d52173917,"Will S&P 500 (SPX) hit $6,000 (LOW) in June?",No,4.99,0.67,0.54,2.7,3.35,-0.65,-1940.3,2026-06-30,https://polymarket.com/profile/0xc18b10a8d864d1d2ef71a58259eb810d52173917
0x99bce72fb855cc8eebe6c85683ede46da1784f35,Will Bitcoin outperform Silver in March 2026?,Yes,3.39,0.2806,0.775,2.63,0.95,1.68,17616.8,2026-03-31,https://polymarket.com/profile/0x99bce72fb855cc8eebe6c85683ede46da1784f35
0xc18b10a8d864d1d2ef71a58259eb810d52173917,"Will Nasdaq 100 (NDX) close over $19,000 on the final tradin",No,5.72,0.1399,0.405,2.32,0.8,1.52,18946.1,2026-12-31,https://polymarket.com/profile/0xc18b10a8d864d1d2ef71a58259eb810d52173917
0x6b2664ced83a571a7e92e03155b5e3881e0ccf9a,"Will S&P 500 (SPX) hit $6,600 (LOW) in March 2026?",No,17,0.17,0.135,2.29,2.89,-0.59,-2058.8,2026-03-31,https://polymarket.com/profile/0x6b2664ced83a571a7e92e03155b5e3881e0ccf9a
0xc18b10a8d864d1d2ef71a58259eb810d52173917,"Will S&P 500 (SPX) hit $6,200 (LOW) in December?",No,5.95,0.17,0.385,2.29,1.01,1.28,12647.1,2026-12-31,https://polymarket.com/profile/0xc18b10a8d864d1d2ef71a58259eb810d52173917
0xfdd1839bf9034f797dd7fe207197188717fe1829,"Will S&P 500 (SPX) hit $8,600 (HIGH) in December?",Yes,32.8,0.1268,0.065,2.13,4.16,-2.03,-4872,2026-12-31,https://polymarket.com/profile/0xfdd1839bf9034f797dd7fe207197188717fe1829
0xcf006e28309313be21b36d22bde515882182353f,"Will S&P 500 (SPX) hit $7,300 (HIGH) in March 2026?",Yes,98,0.0805,0.021,2.06,7.89,-5.83,-7391.6,2026-03-31,https://polymarket.com/profile/0xcf006e28309313be21b36d22bde515882182353f
0x0d42cc5ff0526fbb8f0bb9eafa9ebba3f23df124,Will Bitcoin outperform Gold in March 2026?,Yes,2.64,0.1856,0.71,1.87,0.49,1.38,28258.4,2026-03-31,https://polymarket.com/profile/0x0d42cc5ff0526fbb8f0bb9eafa9ebba3f23df124
0xfdd1839bf9034f797dd7fe207197188717fe1829,"Will S&P 500 (SPX) hit $7,400 (HIGH) in December?",No,4.35,0.1,0.415,1.81,0.44,1.37,31500,2026-12-31,https://polymarket.com/profile/0xfdd1839bf9034f797dd7fe207197188717fe1829
0xfdd1839bf9034f797dd7fe207197188717fe1829,"Will S&P 500 (SPX) hit $7,050 (HIGH) in June?",No,2.81,0.7359,0.63,1.77,2.07,-0.3,-1438.5,2026-06-30,https://polymarket.com/profile/0xfdd1839bf9034f797dd7fe207197188717fe1829
0xaaf7948cec26d8b164934b9da65f8ff15a5c2e27,Will the percentage change in the S&P 500 in Q1 2026 be at l,Yes,133.19,0.015,0.013,1.73,2,-0.26,-1322.9,2026-03-31,https://polymarket.com/profile/0xaaf7948cec26d8b164934b9da65f8ff15a5c2e27
0x9422f0e5a2c4358bdd2a901aa2a31f58e04ef273,Will Nasdaq 100 (NDX) hit 18975 (LOW) in March?,Yes,104.16,0.012,0.0165,1.72,1.25,0.47,3750,2026-04-01,https://polymarket.com/profile/0x9422f0e5a2c4358bdd2a901aa2a31f58e04ef273
0xcf006e28309313be21b36d22bde515882182353f,"Will S&P 500 (SPX) hit $7,200 (HIGH) in March 2026?",Yes,51.38,0.07,0.0325,1.67,3.6,-1.93,-5357.1,2026-03-31,https://polymarket.com/profile/0xcf006e28309313be21b36d22bde515882182353f
0xd6321c049c527e8a622d6aa35f514ae74f798afb,Will Bitcoin outperform NVIDIA (NVDA) in March 2026?,Yes,2.51,0.32,0.66,1.66,0.8,0.85,10625,2026-03-31,https://polymarket.com/profile/0xd6321c049c527e8a622d6aa35f514ae74f798afb
0x9b06708f82009f5ad2648d6cdc29c45d365b0b42,Will the percentage change in the S&P 500 in Q1 2026 be betw,Yes,130.41,0.0153,0.0125,1.63,2,-0.37,-1849.2,2026-03-31,https://polymarket.com/profile/0x9b06708f82009f5ad2648d6cdc29c45d365b0b42
0x6b2664ced83a571a7e92e03155b5e3881e0ccf9a,Will the S&P 500 Index lose at least 4% on any day in Q1?,No,2,0.78,0.81,1.62,1.56,0.06,384.6,2026-03-31,https://polymarket.com/profile/0x6b2664ced83a571a7e92e03155b5e3881e0ccf9a
0xc18b10a8d864d1d2ef71a58259eb810d52173917,"Will Nasdaq 100 (NDX) close over $33,000 on the final tradin",Yes,35.11,0.0686,0.045,1.58,2.41,-0.83,-3435.7,2026-12-31,https://polymarket.com/profile/0xc18b10a8d864d1d2ef71a58259eb810d52173917
0xc18b10a8d864d1d2ef71a58259eb810d52173917,"Will S&P 500 (SPX) hit $5,800 (LOW) in December?",No,5,0.26,0.28,1.4,1.3,0.1,769.2,2026-12-31,https://polymarket.com/profile/0xc18b10a8d864d1d2ef71a58259eb810d52173917
0xfdd1839bf9034f797dd7fe207197188717fe1829,"Will S&P 500 (SPX) hit $6,400 (LOW) in December?",No,10.96,0.1702,0.125,1.37,1.87,-0.5,-2654.5,2026-12-31,https://polymarket.com/profile/0xfdd1839bf9034f797dd7fe207197188717fe1829
0x99bce72fb855cc8eebe6c85683ede46da1784f35,"Will S&P 500 (SPX) hit $6,900 (HIGH) in March 2026?",Yes,6.97,0.27,0.195,1.36,1.88,-0.52,-2777.4,2026-03-31,https://polymarket.com/profile/0x99bce72fb855cc8eebe6c85683ede46da1784f35
0xe6534dd9d60cafcd8ac78091fbb883927b1d4594,Will KOSPI Composite Index (^KS11) hit 4800 (LOW) in Q1 2026,Yes,5.99,0.1504,0.22,1.32,0.9,0.42,4628.5,2026-03-31,https://polymarket.com/profile/0xe6534dd9d60cafcd8ac78091fbb883927b1d4594
0xc18b10a8d864d1d2ef71a58259eb810d52173917,"Will S&P 500 (SPX) hit $8,600 (HIGH) in December?",Yes,20,0.08,0.065,1.3,1.6,-0.3,-1875,2026-12-31,https://polymarket.com/profile/0xc18b10a8d864d1d2ef71a58259eb810d52173917
0x9b06708f82009f5ad2648d6cdc29c45d365b0b42,Will the percentage change in the S&P 500 in Q1 2026 be at l,Yes,97.6,0.0102,0.013,1.27,1,0.27,2689.1,2026-03-31,https://polymarket.com/profile/0x9b06708f82009f5ad2648d6cdc29c45d365b0b42
0xc18b10a8d864d1d2ef71a58259eb810d52173917,"Will S&P 500 (SPX) hit $6,400 (LOW) in December?",No,10,0.11,0.125,1.25,1.1,0.15,1363.6,2026-12-31,https://polymarket.com/profile/0xc18b10a8d864d1d2ef71a58259eb810d52173917
0xaaf7948cec26d8b164934b9da65f8ff15a5c2e27,Will the percentage change in the S&P 500 in Q1 2026 be betw,Yes,122.7,0.013,0.01,1.23,1.6,-0.37,-2307.7,2026-03-31,https://polymarket.com/profile/0xaaf7948cec26d8b164934b9da65f8ff15a5c2e27
0xc18b10a8d864d1d2ef71a58259eb810d52173917,"Will S&P 500 (SPX) hit $8,200 (HIGH) in December?",Yes,8.8,0.1007,0.14,1.23,0.89,0.35,3897.6,2026-12-31,https://polymarket.com/profile/0xc18b10a8d864d1d2ef71a58259eb810d52173917
0x9422f0e5a2c4358bdd2a901aa2a31f58e04ef273,"Will S&P 500 (SPX) close at >$7,300 in March?",Yes,73.52,0.017,0.0165,1.21,1.25,-0.04,-294.1,2026-03-31,https://polymarket.com/profile/0x9422f0e5a2c4358bdd2a901aa2a31f58e04ef273
0xcc792a28d90f3c5d8fe91e48a184913a65031c2a,Will Bitcoin outperform Silver in March 2026?,Yes,1.53,0.25,0.775,1.18,0.38,0.8,21000,2026-03-31,https://polymarket.com/profile/0xcc792a28d90f3c5d8fe91e48a184913a65031c2a
0xd6321c049c527e8a622d6aa35f514ae74f798afb,Will Bitcoin outperform Silver in March 2026?,No,5,0.22,0.225,1.12,1.1,0.03,227.3,2026-03-31,https://polymarket.com/profile/0xd6321c049c527e8a622d6aa35f514ae74f798afb
0xc18b10a8d864d1d2ef71a58259eb810d52173917,"Will S&P 500 (SPX) hit $6,600 (LOW) in December?",No,10.01,0.1,0.11,1.1,1,0.1,1002.2,2026-12-31,https://polymarket.com/profile/0xc18b10a8d864d1d2ef71a58259eb810d52173917
0x99bce72fb855cc8eebe6c85683ede46da1784f35,Will Alnylam Pharmaceuticals (ALNY) be added to the S&P 500 ,Yes,58.31,0.06,0.0185,1.08,3.5,-2.42,-6916.7,2026-03-31,https://polymarket.com/profile/0x99bce72fb855cc8eebe6c85683ede46da1784f35
0xfdd1839bf9034f797dd7fe207197188717fe1829,Will Dow Jones (DJIA) hit 37500 (LOW) in March?,Yes,20.8,0.0571,0.051,1.06,1.19,-0.13,-1063.1,2026-04-01,https://polymarket.com/profile/0xfdd1839bf9034f797dd7fe207197188717fe1829
0xaaf7948cec26d8b164934b9da65f8ff15a5c2e27,Will Pure Storage (PSTG) be added to the S&P 500 by March 31,Yes,95.24,0.0139,0.011,1.05,1.33,-0.28,-2098.3,2026-03-31,https://polymarket.com/profile/0xaaf7948cec26d8b164934b9da65f8ff15a5c2e27
0x9422f0e5a2c4358bdd2a901aa2a31f58e04ef273,Will FTSE 100 (UKX) hit 7500 (LOW) in March?,Yes,62.48,0.04,0.016,1,2.5,-1.5,-6000,2026-04-01,https://polymarket.com/profile/0x9422f0e5a2c4358bdd2a901aa2a31f58e04ef273
0xd6321c049c527e8a622d6aa35f514ae74f798afb,Will Bitcoin outperform the S&P 500 in March 2026?,Yes,1.45,0.33,0.665,0.96,0.48,0.48,10151.5,2026-03-31,https://polymarket.com/profile/0xd6321c049c527e8a622d6aa35f514ae74f798afb
0x99bce72fb855cc8eebe6c85683ede46da1784f35,Will KOSPI Composite Index (^KS11) hit 6500 (HIGH) in Q1 202,Yes,12.05,0.2158,0.079,0.95,2.6,-1.65,-6340.1,2026-03-31,https://polymarket.com/profile/0x99bce72fb855cc8eebe6c85683ede46da1784f35
0x99bce72fb855cc8eebe6c85683ede46da1784f35,"Will S&P 500 (SPX) hit $7,000 (HIGH) in March 2026?",Yes,6.22,0.162,0.14,0.87,1.01,-0.14,-1357.3,2026-03-31,https://polymarket.com/profile/0x99bce72fb855cc8eebe6c85683ede46da1784f35
0xfdd1839bf9034f797dd7fe207197188717fe1829,"Will S&P 500 (SPX) hit $8,200 (HIGH) in December?",Yes,6.14,0.1,0.14,0.86,0.61,0.25,4000,2026-12-31,https://polymarket.com/profile/0xfdd1839bf9034f797dd7fe207197188717fe1829
0x1d7c3422cc4ce0106995917268d5309d5f9a51b6,Will the percentage change in the S&P 500 in Q1 2026 be less,No,3.85,0.48,0.22,0.85,1.85,-1,-5416.7,2026-03-31,https://polymarket.com/profile/0x1d7c3422cc4ce0106995917268d5309d5f9a51b6
0x99bce72fb855cc8eebe6c85683ede46da1784f35,"Will S&P 500 (SPX) hit $6,200 (LOW) in March 2026?",No,1.15,0.13,0.725,0.83,0.15,0.68,45769.2,2026-03-31,https://polymarket.com/profile/0x99bce72fb855cc8eebe6c85683ede46da1784f35
0xc18b10a8d864d1d2ef71a58259eb810d52173917,"Will S&P 500 (SPX) hit $5,800 (LOW) in December?",Yes,1.11,0.11,0.72,0.8,0.12,0.68,55454.5,2026-12-31,https://polymarket.com/profile/0xc18b10a8d864d1d2ef71a58259eb810d52173917
0xcf006e28309313be21b36d22bde515882182353f,"Will S&P 500 (SPX) hit $6,900 (HIGH) in March 2026?",No,0.91,0.55,0.805,0.73,0.5,0.23,4636.4,2026-03-31,https://polymarket.com/profile/0xcf006e28309313be21b36d22bde515882182353f
0xd035fd5f4d6bec4a73dc2fc11fe35c13c3acf165,Will the percentage change in the S&P 500 in Q1 2026 be betw,Yes,35.01,0.041,0.0205,0.72,1.44,-0.72,-5000,2026-03-31,https://polymarket.com/profile/0xd035fd5f4d6bec4a73dc2fc11fe35c13c3acf165
0x99bce72fb855cc8eebe6c85683ede46da1784f35,"Will Nasdaq 100 (NDX) close over 19,750 on Friday of the wee",No,24.51,0.0572,0.029,0.71,1.4,-0.69,-4933,2026-03-20,https://polymarket.com/profile/0x99bce72fb855cc8eebe6c85683ede46da1784f35
0x99bce72fb855cc8eebe6c85683ede46da1784f35,Will the S&P 500 Index gain at least 2% on any day in Q1?,No,1.39,0.1867,0.445,0.62,0.26,0.36,13832.2,2026-03-31,https://polymarket.com/profile/0x99bce72fb855cc8eebe6c85683ede46da1784f35
0xc18b10a8d864d1d2ef71a58259eb810d52173917,"Will S&P 500 (SPX) hit $9,300 (HIGH) in December?",Yes,5,0.13,0.12,0.6,0.65,-0.05,-769.2,2026-12-31,https://polymarket.com/profile/0xc18b10a8d864d1d2ef71a58259eb810d52173917
0xfdd1839bf9034f797dd7fe207197188717fe1829,"Will Nasdaq 100 (NDX) hit $15,000 (LOW) in December?",Yes,5.45,0.0605,0.105,0.57,0.33,0.24,7368.6,2026-12-31,https://polymarket.com/profile/0xfdd1839bf9034f797dd7fe207197188717fe1829
0xfdd1839bf9034f797dd7fe207197188717fe1829,"Will S&P 500 (SPX) hit $6,600 (LOW) in December?",No,5,0.2,0.11,0.55,1,-0.45,-4500,2026-12-31,https://polymarket.com/profile/0xfdd1839bf9034f797dd7fe207197188717fe1829
0xd035fd5f4d6bec4a73dc2fc11fe35c13c3acf165,Will the percentage change in the S&P 500 in Q1 2026 be less,Yes,0.69,0.6074,0.78,0.54,0.42,0.12,2842.3,2026-03-31,https://polymarket.com/profile/0xd035fd5f4d6bec4a73dc2fc11fe35c13c3acf165
0xc18b10a8d864d1d2ef71a58259eb810d52173917,"Will S&P 500 (SPX) hit $7,600 (HIGH) in December?",Yes,1.53,0.49,0.34,0.52,0.75,-0.23,-3061.2,2026-12-31,https://polymarket.com/profile/0xc18b10a8d864d1d2ef71a58259eb810d52173917
0xfdd1839bf9034f797dd7fe207197188717fe1829,Will Hang Seng (HSI) hit 19650 (LOW) in March?,Yes,16.14,0.04,0.027,0.44,0.65,-0.21,-3250,2026-04-01,https://polymarket.com/profile/0xfdd1839bf9034f797dd7fe207197188717fe1829
0x6b2664ced83a571a7e92e03155b5e3881e0ccf9a,Will Affirm Holdings (AFRM) be added to the S&P 500 by March,Yes,19,0.08,0.021,0.4,1.52,-1.12,-7375,2026-03-31,https://polymarket.com/profile/0x6b2664ced83a571a7e92e03155b5e3881e0ccf9a
0x99bce72fb855cc8eebe6c85683ede46da1784f35,Will Affirm Holdings (AFRM) be added to the S&P 500 by March,No,0.41,0.494,0.979,0.4,0.2,0.2,9817.8,2026-03-31,https://polymarket.com/profile/0x99bce72fb855cc8eebe6c85683ede46da1784f35
0x22eace1285cab0b23f7252ba02f3643c4c965f43,Will Pure Storage (PSTG) be added to the S&P 500 by March 31,Yes,35.09,0.0677,0.011,0.39,2.38,-1.99,-8375.3,2026-03-31,https://polymarket.com/profile/0x22eace1285cab0b23f7252ba02f3643c4c965f43
0xfdd1839bf9034f797dd7fe207197188717fe1829,Will S&P 500 (SPX) hit 4750 (LOW) in March?,Yes,8.22,0.1141,0.0435,0.36,0.94,-0.58,-6188,2026-04-01,https://polymarket.com/profile/0xfdd1839bf9034f797dd7fe207197188717fe1829
0x85d57ae07c1c0cae93f1ed6d05166eff4233bbf0,Will the S&P 500 Index gain at least 2% on any day in Q1?,Yes,0.62,0.52,0.555,0.34,0.32,0.02,673.1,2026-03-31,https://polymarket.com/profile/0x85d57ae07c1c0cae93f1ed6d05166eff4233bbf0
0x99bce72fb855cc8eebe6c85683ede46da1784f35,Will the S&P 500 Index lose at least 4% on any day in Q1?,Yes,1.81,0.08,0.19,0.34,0.14,0.2,13750,2026-03-31,https://polymarket.com/profile/0x99bce72fb855cc8eebe6c85683ede46da1784f35
0xfdd1839bf9034f797dd7fe207197188717fe1829,Will FTSE 100 (UKX) hit 7050 (LOW) in March?,Yes,22.7,0.0209,0.014,0.32,0.47,-0.16,-3300.2,2026-04-01,https://polymarket.com/profile/0xfdd1839bf9034f797dd7fe207197188717fe1829
0x99bce72fb855cc8eebe6c85683ede46da1784f35,"Will S&P 500 (SPX) hit $7,300 (HIGH) in March 2026?",Yes,13.47,0.032,0.021,0.28,0.43,-0.15,-3438.9,2026-03-31,https://polymarket.com/profile/0x99bce72fb855cc8eebe6c85683ede46da1784f35
0xfdd1839bf9034f797dd7fe207197188717fe1829,"Will S&P 500 (SPX) hit $9,300 (HIGH) in December?",Yes,2.35,0.0405,0.12,0.28,0.1,0.19,19622.3,2026-12-31,https://polymarket.com/profile/0xfdd1839bf9034f797dd7fe207197188717fe1829
0xd035fd5f4d6bec4a73dc2fc11fe35c13c3acf165,Will the percentage change in the S&P 500 in Q1 2026 be betw,Yes,19.85,0.007,0.0125,0.25,0.14,0.11,7857.1,2026-03-31,https://polymarket.com/profile/0xd035fd5f4d6bec4a73dc2fc11fe35c13c3acf165
0x85d57ae07c1c0cae93f1ed6d05166eff4233bbf0,Will the S&P 500 Index lose at least 3% on any day in Q1?,Yes,0.68,0.3315,0.335,0.23,0.23,0,106.6,2026-03-31,https://polymarket.com/profile/0x85d57ae07c1c0cae93f1ed6d05166eff4233bbf0
0xcf006e28309313be21b36d22bde515882182353f,"Will S&P 500 (SPX) hit $6,300 (LOW) in March 2026?",No,0.27,0.705,0.755,0.21,0.19,0.01,708.5,2026-03-31,https://polymarket.com/profile/0xcf006e28309313be21b36d22bde515882182353f
0xeacd0d487d273f06b188e2899435f2517f498143,Will KOSPI Composite Index (^KS11) hit 4600 (LOW) in Q1 2026,Yes,0.62,0.11,0.33,0.2,0.07,0.14,20000,2026-03-31,https://polymarket.com/profile/0xeacd0d487d273f06b188e2899435f2517f498143
0xd035fd5f4d6bec4a73dc2fc11fe35c13c3acf165,Will the percentage change in the S&P 500 in Q1 2026 be betw,No,0.21,0.716,0.8765,0.19,0.15,0.03,2241.6,2026-03-31,https://polymarket.com/profile/0xd035fd5f4d6bec4a73dc2fc11fe35c13c3acf165
0xfdd1839bf9034f797dd7fe207197188717fe1829,"Will S&P 500 (SPX) close over 5,550 on Friday of the week of",No,39.56,0.0106,0.0045,0.18,0.42,-0.24,-5745.9,2026-03-20,https://polymarket.com/profile/0xfdd1839bf9034f797dd7fe207197188717fe1829
0xfdd1839bf9034f797dd7fe207197188717fe1829,Will FTSE 100 (UKX) hit 7500 (LOW) in March?,Yes,8.7,0.021,0.016,0.14,0.18,-0.04,-2381,2026-04-01,https://polymarket.com/profile/0xfdd1839bf9034f797dd7fe207197188717fe1829
0xd035fd5f4d6bec4a73dc2fc11fe35c13c3acf165,Will the percentage change in the S&P 500 in Q1 2026 be betw,Yes,11.45,0.0044,0.01,0.11,0.05,0.06,12588.7,2026-03-31,https://polymarket.com/profile/0xd035fd5f4d6bec4a73dc2fc11fe35c13c3acf165
0xebb27d6e2614fe0b0f0e395460d27964d982c640,Will SoFi Technologies (SOFI) be added to the S&P 500 by Mar,Yes,5.72,0.46,0.0195,0.11,2.63,-2.52,-9576.1,2026-03-31,https://polymarket.com/profile/0xebb27d6e2614fe0b0f0e395460d27964d982c640
0xfdd1839bf9034f797dd7fe207197188717fe1829,Will Nasdaq 100 (NDX) hit 19350 (LOW) in March?,Yes,10.2,0.03,0.011,0.11,0.31,-0.19,-6333.3,2026-04-01,https://polymarket.com/profile/0xfdd1839bf9034f797dd7fe207197188717fe1829
0xfdd1839bf9034f797dd7fe207197188717fe1829,Will Nasdaq 100 (NDX) hit 19650 (LOW) in March?,Yes,7.86,0.06,0.0125,0.1,0.47,-0.37,-7916.7,2026-04-01,https://polymarket.com/profile/0xfdd1839bf9034f797dd7fe207197188717fe1829
0xfdd1839bf9034f797dd7fe207197188717fe1829,Will Nasdaq 100 (NDX) hit 19875 (LOW) in March?,Yes,6.1,0.08,0.0135,0.08,0.49,-0.41,-8312.5,2026-04-01,https://polymarket.com/profile/0xfdd1839bf9034f797dd7fe207197188717fe1829
0xebb27d6e2614fe0b0f0e395460d27964d982c640,Will Pure Storage (PSTG) be added to the S&P 500 by March 31,No,0.05,0.86,0.989,0.05,0.04,0.01,1500,2026-03-31,https://polymarket.com/profile/0xebb27d6e2614fe0b0f0e395460d27964d982c640
0x294d6426745e9c48c978b91478b91365af32b362,Bitcoin outperforms S&P 500 in December?,Yes,0.02,0.5245,1,0.02,0.01,0.01,9065.2,2025-12-31,https://polymarket.com/profile/0x294d6426745e9c48c978b91478b91365af32b362
0xa3f8813d845fdcd7aa879af98e09c9e8634498e1,S&P 500 (SPX) Up or Down on January 9?,Up,0.02,0.8309,1,0.02,0.01,0,2035.7,2026-01-09,https://polymarket.com/profile/0xa3f8813d845fdcd7aa879af98e09c9e8634498e1
0xe6534dd9d60cafcd8ac78091fbb883927b1d4594,S&P 500 (SPX) Up or Down on February 2?,Up,0.02,0.27,1,0.02,0.01,0.01,27037,2026-02-02,https://polymarket.com/profile/0xe6534dd9d60cafcd8ac78091fbb883927b1d4594
0x8d82b48442be48dc3e39af9a3a221cf00146c7e9,Will Bitcoin outperform Silver in February 2026?,No,0.02,0.745,1,0.02,0.02,0.01,3422.7,2026-01-31,https://polymarket.com/profile/0x8d82b48442be48dc3e39af9a3a221cf00146c7e9
0xebb27d6e2614fe0b0f0e395460d27964d982c640,"Will S&P 500 (SPX) close over $6,840 on the final trading da",Yes,0.02,0.846,1,0.02,0.01,0,1820.9,2026-01-31,https://polymarket.com/profile/0xebb27d6e2614fe0b0f0e395460d27964d982c640
0xcc792a28d90f3c5d8fe91e48a184913a65031c2a,Will Bitcoin outperform Gold in March 2026?,Yes,0.01,0.2375,0.71,0.01,0,0.01,19891,2026-03-31,https://polymarket.com/profile/0xcc792a28d90f3c5d8fe91e48a184913a65031c2a
0xcc792a28d90f3c5d8fe91e48a184913a65031c2a,Will Bitcoin outperform the S&P 500 in March 2026?,Yes,0.01,0.25,0.665,0.01,0,0,16600,2026-03-31,https://polymarket.com/profile/0xcc792a28d90f3c5d8fe91e48a184913a65031c2a
0xe6534dd9d60cafcd8ac78091fbb883927b1d4594,S&P 500 (SPX) Opens Up or Down on January 26?,Up,0.01,0.3055,1,0.01,0,0.01,22738.4,2026-01-26,https://polymarket.com/profile/0xe6534dd9d60cafcd8ac78091fbb883927b1d4594
0x3689b32eaa731ba3ecfe0a1f5888265d759ff76b,"S&P 500 all time high by March 31, 2026?",No,0.01,0.8566,0.925,0.01,0.01,0,798.5,2026-03-31,https://polymarket.com/profile/0x3689b32eaa731ba3ecfe0a1f5888265d759ff76b
0x0ced4f3afa5d9bfbd7ab82fd124896a7160c12b2,"S&P 500 all time high by March 31, 2026?",No,0.01,0.7192,0.925,0.01,0.01,0,2861,2026-03-31,https://polymarket.com/profile/0x0ced4f3afa5d9bfbd7ab82fd124896a7160c12b2
0x46977f8c46e83fad508542f50e7a71993884ad96,Will KOSPI Composite Index (^KS11) hit 6000 (HIGH) in Q1 202,Yes,0.01,0.91,1,0.01,0.01,0,989.1,2026-03-31,https://polymarket.com/profile/0x46977f8c46e83fad508542f50e7a71993884ad96
0x82ca4553eabd82ece26967cefc524e2e2e1bfaaf,"Will S&P 500 (SPX) hit $6,700 (LOW) in June?",No,913.72,0.1544,0,0,141.09,-141.09,-10000,2026-06-30,https://polymarket.com/profile/0x82ca4553eabd82ece26967cefc524e2e2e1bfaaf
0xfb29c84e422e1926cc9a67199d85512c0d01573f,Will Vertiv Holdings (VRT) be added to the S&P 500 by March ,No,258.46,0.3,0,0,77.54,-77.54,-10000,2026-03-31,https://polymarket.com/profile/0xfb29c84e422e1926cc9a67199d85512c0d01573f
0x24787691ebc296444add2ee3dea03c9d6f9b2e62,"Will S&P 500 (SPX) hit $7,000 (HIGH) in February 2026?",Yes,2125.74,0.2864,0,0,608.87,-608.87,-10000,2026-02-28,https://polymarket.com/profile/0x24787691ebc296444add2ee3dea03c9d6f9b2e62
0x24787691ebc296444add2ee3dea03c9d6f9b2e62,"Will S&P 500 (SPX) hit $7,040 (HIGH) in February 2026?",Yes,664.42,0.1254,0,0,83.34,-83.34,-10000,2026-02-28,https://polymarket.com/profile/0x24787691ebc296444add2ee3dea03c9d6f9b2e62
0xe6534dd9d60cafcd8ac78091fbb883927b1d4594,S&P 500 (SPX) Up or Down on February 4?,Up,2809.29,0.2755,0,0,774.04,-774.04,-10000,2026-02-04,https://polymarket.com/profile/0xe6534dd9d60cafcd8ac78091fbb883927b1d4594
0xe6534dd9d60cafcd8ac78091fbb883927b1d4594,S&P 500 (SPX) Opens Up or Down on January 27?,Down,699.98,0.2371,0,0,165.99,-165.99,-10000,2026-01-27,https://polymarket.com/profile/0xe6534dd9d60cafcd8ac78091fbb883927b1d4594
0x6b94ecd19f3c464ee41725f4c5fabdf6b249ed07,"Will S&P 500 (SPX) hit $6,800 (HIGH) in March 2026?",No,247409.77,0.001,0,0,258.3,-258.3,-10000,2026-03-31,https://polymarket.com/profile/0x6b94ecd19f3c464ee41725f4c5fabdf6b249ed07
0x1d7c3422cc4ce0106995917268d5309d5f9a51b6,"Will S&P 500 (SPX) close over $7,060 on the final trading da",Yes,998.14,0.15,0,0,149.72,-149.72,-10000,2026-02-28,https://polymarket.com/profile/0x1d7c3422cc4ce0106995917268d5309d5f9a51b6
0x1d7c3422cc4ce0106995917268d5309d5f9a51b6,"Will S&P 500 (SPX) close over $6,940 on the final trading da",Yes,400,0.2,0,0,80,-80,-10000,2026-02-28,https://polymarket.com/profile/0x1d7c3422cc4ce0106995917268d5309d5f9a51b6
0x6b2664ced83a571a7e92e03155b5e3881e0ccf9a,"Will S&P 500 (SPX) hit $6,700 (LOW) in February 2026?",Yes,76,0.31,0,0,23.56,-23.56,-10000,2026-02-28,https://polymarket.com/profile/0x6b2664ced83a571a7e92e03155b5e3881e0ccf9a
0x1c266db0f8529b1f25b77123e9c0c918ac2f6e31,"Will S&P 500 (SPX) close over $6,940 on the final trading da",Yes,200,0.0467,0,0,9.34,-9.34,-10000,2026-02-28,https://polymarket.com/profile/0x1c266db0f8529b1f25b77123e9c0c918ac2f6e31
0x3e49564eabbf6118e9a29c475d57fa91c0b1ae9d,Will Bitcoin outperform NVIDIA (NVDA) in February 2026?,Yes,2646.73,0.0156,0,0,41.33,-41.33,-10000,2026-01-31,https://polymarket.com/profile/0x3e49564eabbf6118e9a29c475d57fa91c0b1ae9d
0xebb27d6e2614fe0b0f0e395460d27964d982c640,"Will Ciena (CIEN) be added to the S&P 500 by March 31, 2026?",No,73.91,0.69,0,0,51,-51,-10000,2026-03-31,https://polymarket.com/profile/0xebb27d6e2614fe0b0f0e395460d27964d982c640
0xebb27d6e2614fe0b0f0e395460d27964d982c640,Will Alnylam Pharmaceuticals (ALNY) be added to the S&P 500 ,Yes,0.08,0.15,0.0185,0,0.01,-0.01,-8766.7,2026-03-31,https://polymarket.com/profile/0xebb27d6e2614fe0b0f0e395460d27964d982c640
0xebb27d6e2614fe0b0f0e395460d27964d982c640,"Will S&P 500 (SPX) close over $6,760 on the final trading da",No,0.07,0.06,0,0,0,-0,-10000,2026-01-31,https://polymarket.com/profile/0xebb27d6e2614fe0b0f0e395460d27964d982c640
0xebb27d6e2614fe0b0f0e395460d27964d982c640,Will Vertiv Holdings (VRT) be added to the S&P 500 by March ,No,0.04,0.39,0,0,0.01,-0.01,-10000,2026-03-31,https://polymarket.com/profile/0xebb27d6e2614fe0b0f0e395460d27964d982c640
0xebb27d6e2614fe0b0f0e395460d27964d982c640,Will Affirm Holdings (AFRM) be added to the S&P 500 by March,Yes,0.03,0.12,0.021,0,0,-0,-8250,2026-03-31,https://polymarket.com/profile/0xebb27d6e2614fe0b0f0e395460d27964d982c640
0x9b06708f82009f5ad2648d6cdc29c45d365b0b42,"Will S&P 500 (SPX) close over $7,060 on the final trading da",Yes,24836.62,0.0577,0,0,1432.87,-1432.87,-10000,2026-02-28,https://polymarket.com/profile/0x9b06708f82009f5ad2648d6cdc29c45d365b0b42
0x9b06708f82009f5ad2648d6cdc29c45d365b0b42,"Will S&P 500 (SPX) hit $7,040 (HIGH) in February 2026?",Yes,5857.24,0.1945,0,0,1139.1,-1139.1,-10000,2026-02-28,https://polymarket.com/profile/0x9b06708f82009f5ad2648d6cdc29c45d365b0b42
0x9b06708f82009f5ad2648d6cdc29c45d365b0b42,"Will S&P 500 (SPX) close over $6,860 on the final trading da",No,247.4,0.4244,0,0,105,-105,-10000,2026-02-28,https://polymarket.com/profile/0x9b06708f82009f5ad2648d6cdc29c45d365b0b42
0x9b06708f82009f5ad2648d6cdc29c45d365b0b42,"Will S&P 500 (SPX) close over $7,140 on the final trading da",Yes,151.93,0.0066,0,0,1,-1,-10000,2026-02-28,https://polymarket.com/profile/0x9b06708f82009f5ad2648d6cdc29c45d365b0b42
0x9b06708f82009f5ad2648d6cdc29c45d365b0b42,"Will S&P 500 (SPX) hit $7,100 (HIGH) in February 2026?",Yes,75,0.04,0,0,3,-3,-10000,2026-02-28,https://polymarket.com/profile/0x9b06708f82009f5ad2648d6cdc29c45d365b0b42
0x72ede293ad56fdb4766a1d9fc6e4dadebf0becf7,Will Bitcoin outperform Gold in February 2026?,Yes,300,0.06,0,0,18,-18,-10000,2026-01-31,https://polymarket.com/profile/0x72ede293ad56fdb4766a1d9fc6e4dadebf0becf7
0x72ede293ad56fdb4766a1d9fc6e4dadebf0becf7,Will Bitcoin outperform Silver in February 2026?,Yes,300,0.27,0,0,81,-81,-10000,2026-01-31,https://polymarket.com/profile/0x72ede293ad56fdb4766a1d9fc6e4dadebf0becf7
0x3b1a8b39f8d3a4ce3fe7c1e752cf14c386834221,"Will S&P 500 (SPX) close over $6,700 on the final trading da",No,150,0.0093,0,0,1.4,-1.4,-10000,2026-02-28,https://polymarket.com/profile/0x3b1a8b39f8d3a4ce3fe7c1e752cf14c386834221
0x74919413601bfb577685d47bec38dbb1174fada0,Will Vertiv Holdings (VRT) be added to the S&P 500 by March ,No,81.17,0.37,0,0,30.03,-30.03,-10000,2026-03-31,https://polymarket.com/profile/0x74919413601bfb577685d47bec38dbb1174fada0
0xc18b10a8d864d1d2ef71a58259eb810d52173917,"Will S&P 500 (SPX) hit $7,350 (HIGH) in January?",Yes,91.23,0.017,0,0,1.55,-1.55,-10000,2026-01-31,https://polymarket.com/profile/0xc18b10a8d864d1d2ef71a58259eb810d52173917
0xc18b10a8d864d1d2ef71a58259eb810d52173917,"Will S&P 500 (SPX) hit $6,700 (LOW) in June?",No,10.01,0.08,0,0,0.8,-0.8,-10000,2026-06-30,https://polymarket.com/profile/0xc18b10a8d864d1d2ef71a58259eb810d52173917
0x7ce6fb6efde6ce69b3a74d666f8dea8f3df416a3,"S&P 500 all time high by February 20, 2026?",Yes,313.8,0.0315,0,0,9.87,-9.87,-10000,2026-03-31,https://polymarket.com/profile/0x7ce6fb6efde6ce69b3a74d666f8dea8f3df416a3
0x70812541b44b2d1db290511e5bab00ca4c05818b,Will Vertiv Holdings (VRT) be added to the S&P 500 by March ,No,573.88,0.2724,0,0,156.3,-156.3,-10000,2026-03-31,https://polymarket.com/profile/0x70812541b44b2d1db290511e5bab00ca4c05818b
